{"cameraMode":{"drawMode":0,"name":"Shaded","section":"Shading Mode"},"sceneLighting":false,"audioPlay":false,"sceneViewState":{"m_AlwaysRefresh":true,"showFog":true,"showSkybox":false,"showFlares":true,"showImageEffects":true,"showParticleSystems":true,"showVisualEffectGraphs":true,"m_FxEnabled":true},"in2DMode":false,"pivot":{"x":27.907672882080079,"y":51.609561920166019,"z":-126.99742889404297},"rotation":{"x":-0.42204052209854128,"y":0.5613731145858765,"z":-0.40443313121795657,"w":-0.5858126282691956},"size":0.8660253882408142,"orthographic":true}