{"cameraMode":{"drawMode":0,"name":"Shaded","section":"Shading Mode"},"sceneLighting":true,"audioPlay":false,"sceneViewState":{"m_AlwaysRefresh":true,"showFog":true,"showSkybox":true,"showFlares":true,"showImageEffects":true,"showParticleSystems":true,"showVisualEffectGraphs":true,"m_FxEnabled":true},"in2DMode":false,"pivot":{"x":1.6038293838500977,"y":-45.07087326049805,"z":20.822086334228517},"rotation":{"x":-0.42204052209854128,"y":0.5613731145858765,"z":-0.40443313121795657,"w":-0.5858126282691956},"size":15.541155815124512,"orthographic":false}