{"cameraMode":{"drawMode":0,"name":"Shaded","section":"Shading Mode"},"sceneLighting":true,"audioPlay":false,"sceneViewState":{"m_AlwaysRefresh":true,"showFog":true,"showSkybox":true,"showFlares":true,"showImageEffects":true,"showParticleSystems":true,"showVisualEffectGraphs":true,"m_FxEnabled":true},"in2DMode":false,"pivot":{"x":38.285240173339847,"y":-39.56318664550781,"z":1.7339873313903809},"rotation":{"x":-0.21164067089557649,"y":0.09190025925636292,"z":-0.01999303326010704,"w":-0.9728123545646668},"size":12.701613426208496,"orthographic":false}